S.NO,USER EMAIL ID,USER NAME,AGE,GENDER,CITY,FOOD TYPE,PRODUCT (BRAND),LIST OF FOOD ITEM,CALORIES,PRICE,PACKAGE QUALITY,TASTE,QUALITY OF FOOD,FEEDBACK RATING,PRIMARY MOTIVATION,EXPECTATIONS,FAVORITE FOOD ITEM,PREFERENCES ABOUT FOOD,NUTRITIONAL CLAIMS,FEEDBACK,RECOMMENDATION (FOOD OR NOT),PURCHASING CHANNEL
1,diya.loke95@gmail.com,Sumer Bhatnagar,42,Male,Hyderabad,Vegetarian,Haldiram's,Pizza,666,465,Medium,Delicious,Average,3,Social Gathering,Below Expectations,Biryani,Sweet,High Protein,Average taste.,No,Takeaway
2,zara.ganesh53@gmail.com,Purab Halder,60,Male,Mumbai,Non-Vegetarian,Pizza Hut,Pasta,938,632,High,Delicious,Poor,2,Social Gathering,Met Expectations,Sandwich,Healthy/Low Cal,Low Carb,Not worth the money.,No,Takeaway
3,saanvi.gala2@gmail.com,Charvi Majumdar,48,Female,Mumbai,Vegetarian,Taco Bell,Noodles,916,654,High,Average,Good,5,Convenience,Below Expectations,Tacos,Spicy,Gluten Free,Best in town!,Yes,Takeaway
4,sahil.saxena57@gmail.com,Dishani Bali,25,Male,Madurai,Eggetarian,Taco Bell,Biryani,822,716,Medium,Spicy,Poor,1,Social Gathering,Exceeded Expectations,Pizza,Spicy,Organic,Too salty.,No,Takeaway
5,mahika.ahluwalia81@gmail.com,Fateh Date,32,Male,Kolkata,Non-Vegetarian,KFC,Pizza,946,319,Medium,Bland,Terrible,1,Social Gathering,Met Expectations,Noodles,Healthy/Low Cal,Low Carb,Cold food delivered.,No,Food Delivery App (Swiggy/Zomato)
6,sara.garde21@gmail.com,Riaan Yohannan,55,Male,Chennai,Vegetarian,Local Bistro,Burger,308,282,Low,Bland,Poor,1,Hunger,Below Expectations,Salad,Rich/Creamy,Gluten Free,Too salty.,No,Drive-thru
7,mishti.samra50@gmail.com,Ivan Dube,26,Female,Ahmedabad,Non-Vegetarian,Haldiram's,Tacos,321,167,High,Average,Excellent,4,Celebration,Below Expectations,Wraps,Rich/Creamy,Organic,Great taste and packaging.,Yes,Dine-in
8,riaan.varma38@gmail.com,Emir Datta,49,Male,Hyderabad,Vegan,Local Bistro,Noodles,928,692,Low,Average,Poor,1,Convenience,Exceeded Expectations,Noodles,Healthy/Low Cal,Organic,Poor packaging.,No,Takeaway
9,kismat.kibe74@gmail.com,Zeeshan Dhawan,23,Male,Delhi,Non-Vegetarian,Starbucks,Salad,1042,549,High,Salty,Poor,1,Health/Diet,Exceeded Expectations,Noodles,Savory,Organic,Poor packaging.,No,Food Delivery App (Swiggy/Zomato)
10,hansh.babu91@gmail.com,Reyansh Gala,33,Male,Mumbai,Eggetarian,Local Bistro,Tacos,526,375,Low,Salty,Terrible,2,Hunger,Exceeded Expectations,Wraps,Rich/Creamy,Organic,Worst experience.,No,Dine-in
11,jivika.soni6@gmail.com,Siya Dey,36,Female,Ahmedabad,Vegetarian,Pizza Hut,Burger,962,784,Low,Bland,Poor,1,Hunger,Met Expectations,Fried Chicken,Healthy/Low Cal,Organic,Poor packaging.,No,Takeaway
12,nitya.loyal1@gmail.com,Anahita Sem,41,Male,Hyderabad,Vegan,Domino's,Fried Chicken,799,744,High,Bland,Terrible,2,Hunger,Below Expectations,Pasta,Healthy/Low Cal,None,Not worth the money.,No,Drive-thru
13,inaaya .wali64@gmail.com,Uthkarsh Deo,35,Female,Chennai,Vegetarian,KFC,Noodles,849,280,Medium,Delicious,Poor,1,Cravings,Met Expectations,Noodles,Sweet,Sugar Free,Not worth the money.,No,Takeaway
14,hunar.rama59@gmail.com,Suhana Shanker,36,Male,Delhi,Vegan,Local Bistro,Biryani,864,199,High,Delicious,Terrible,2,Convenience,Exceeded Expectations,Sandwich,Sweet,High Protein,Not worth the money.,No,Dine-in
15,seher.doctor79@gmail.com,Anvi Sanghvi,59,Male,Jaipur,Vegetarian,Subway,Wraps,536,583,Low,Delicious,Excellent,4,Health/Diet,Exceeded Expectations,Fried Chicken,Sweet,High Protein,Excellent quality.,Yes,Drive-thru
16,kartik.jhaveri17@gmail.com,Myra Dhaliwal,24,Male,Chennai,Vegetarian,Domino's,Biryani,1135,514,Low,Average,Good,4,Celebration,Below Expectations,Burger,Savory,Organic,Excellent quality.,Yes,Drive-thru
17,yasmin.ramakrishnan29@gmail.com,Nitara Varghese,27,Female,Delhi,Vegetarian,Haldiram's,Pasta,727,498,Medium,Bland,Excellent,5,Health/Diet,Exceeded Expectations,Burger,Spicy,None,Excellent quality.,Yes,Takeaway
18,saanvi.bhargava93@gmail.com,Drishya Sathe,48,Female,Delhi,Vegan,Pizza Hut,Noodles,850,542,High,Average,Good,4,Cravings,Met Expectations,Fried Chicken,Rich/Creamy,Sugar Free,Best in town!,Yes,Drive-thru
19,prerak.vig62@gmail.com,Anya Golla,26,Female,Pune,Vegetarian,Burger King,Fried Chicken,955,510,Low,Delicious,Excellent,4,Social Gathering,Below Expectations,Wraps,Savory,Low Carb,Great taste and packaging.,Yes,Food Delivery App (Swiggy/Zomato)
20,siya.mani66@gmail.com,Stuvan Tata,49,Female,Mumbai,Non-Vegetarian,Subway,Sandwich,857,597,Medium,Bland,Terrible,2,Social Gathering,Met Expectations,Biryani,Rich/Creamy,None,Poor packaging.,No,Takeaway
21,gatik.grewal50@gmail.com,Jivin Grover,28,Female,Pune,Vegetarian,Starbucks,Pasta,930,724,Medium,Salty,Excellent,4,Convenience,Exceeded Expectations,Wraps,Rich/Creamy,Sugar Free,Will order again.,Yes,Drive-thru
22,abram.dara22@gmail.com,Priyansh Dua,21,Male,Bangalore,Vegetarian,Subway,Wraps,938,417,Medium,Bland,Terrible,2,Health/Diet,Exceeded Expectations,Sandwich,Rich/Creamy,High Protein,Poor packaging.,No,Dine-in
23,pihu.boase42@gmail.com,Vihaan Kothari,20,Male,Ahmedabad,Vegan,Starbucks,Noodles,745,732,High,Spicy,Poor,2,Social Gathering,Met Expectations,Wraps,Healthy/Low Cal,None,Poor packaging.,No,Dine-in
24,shamik.bora1@gmail.com,Faiyaz Cheema,43,Male,Madurai,Vegan,Haldiram's,Burger,1113,409,Low,Average,Good,4,Cravings,Below Expectations,Noodles,Spicy,Sugar Free,Will order again.,Yes,Takeaway
25,armaan.uppal41@gmail.com,Bhamini Bhatti,42,Female,Madurai,Vegan,Starbucks,Biryani,307,632,Low,Bland,Average,3,Celebration,Met Expectations,Tacos,Healthy/Low Cal,Sugar Free,It was okay.,No,Dine-in
26,mannat.shah82@gmail.com,Jiya Ram,44,Male,Kolkata,Vegan,McDonald's,Wraps,443,270,High,Spicy,Excellent,5,Convenience,Exceeded Expectations,Sandwich,Rich/Creamy,None,Best in town!,Yes,Food Delivery App (Swiggy/Zomato)
27,manikya.sridhar50@gmail.com,Samaira Wali,31,Male,Bangalore,Eggetarian,Subway,Sandwich,283,568,Low,Delicious,Terrible,1,Celebration,Below Expectations,Burger,Savory,Organic,Worst experience.,No,Takeaway
28,devansh.virk22@gmail.com,Indrajit Ganesan,54,Female,Delhi,Eggetarian,Burger King,Salad,790,240,Medium,Spicy,Good,4,Health/Diet,Exceeded Expectations,Salad,Sweet,High Protein,Great taste and packaging.,Yes,Takeaway
29,faiyaz.vala81@gmail.com,Sana Sastry,45,Male,Chennai,Vegan,Local Bistro,Pizza,384,616,Low,Average,Good,5,Social Gathering,Below Expectations,Salad,Spicy,None,Loved the food!,Yes,Drive-thru
30,tara.arya83@gmail.com,Zaina Saha,44,Female,Mumbai,Vegan,KFC,Biryani,263,317,High,Spicy,Excellent,5,Celebration,Exceeded Expectations,Biryani,Spicy,None,Loved the food!,Yes,Drive-thru
31,fateh.salvi11@gmail.com,Kaira Bhat,20,Female,Jaipur,Non-Vegetarian,Starbucks,Wraps,1051,376,Low,Salty,Good,5,Convenience,Below Expectations,Fried Chicken,Savory,Gluten Free,Will order again.,Yes,Food Delivery App (Swiggy/Zomato)
32,saanvi.rana26@gmail.com,Hansh Sachdev,35,Female,Hyderabad,Eggetarian,Domino's,Wraps,1058,759,Medium,Spicy,Poor,1,Cravings,Met Expectations,Pizza,Healthy/Low Cal,Low Carb,Too salty.,No,Food Delivery App (Swiggy/Zomato)
33,kashvi.subramanian29@gmail.com,Aarav Devan,55,Female,Chennai,Vegetarian,Domino's,Salad,537,462,Low,Average,Terrible,2,Convenience,Below Expectations,Salad,Healthy/Low Cal,Low Carb,Not worth the money.,No,Drive-thru
34,arhaan.chanda77@gmail.com,Indrajit Seshadri,20,Female,Jaipur,Eggetarian,KFC,Noodles,859,244,Medium,Bland,Average,3,Cravings,Below Expectations,Wraps,Rich/Creamy,Organic,Average taste.,Yes,Food Delivery App (Swiggy/Zomato)
35,lakshay.saraf89@gmail.com,Rania Ganesh,22,Female,Bangalore,Eggetarian,Haldiram's,Pizza,949,599,Medium,Spicy,Average,3,Convenience,Met Expectations,Sandwich,Healthy/Low Cal,High Protein,Average taste.,Yes,Takeaway
36,nirvaan.ravel48@gmail.com,Prerak Goel,18,Male,Mumbai,Vegan,Local Bistro,Burger,399,569,High,Average,Average,3,Cravings,Exceeded Expectations,Noodles,Spicy,Sugar Free,Average taste.,No,Takeaway
37,mehul.rajagopalan44@gmail.com,Nitara Srinivasan,28,Male,Madurai,Non-Vegetarian,McDonald's,Salad,328,668,High,Average,Terrible,2,Cravings,Met Expectations,Tacos,Savory,Gluten Free,Cold food delivered.,No,Takeaway
38,kavya.saxena35@gmail.com,Keya Kala,46,Male,Jaipur,Vegetarian,KFC,Fried Chicken,960,564,Medium,Average,Excellent,4,Hunger,Below Expectations,Sandwich,Rich/Creamy,Low Carb,Excellent quality.,Yes,Food Delivery App (Swiggy/Zomato)
39,darshit.chauhan59@gmail.com,Reyansh Balasubramanian,33,Female,Chennai,Vegetarian,Pizza Hut,Wraps,948,718,Medium,Salty,Good,5,Celebration,Met Expectations,Wraps,Rich/Creamy,High Protein,Excellent quality.,Yes,Food Delivery App (Swiggy/Zomato)
40,reyansh.taneja34@gmail.com,Raghav Dhingra,59,Female,Chennai,Vegetarian,McDonald's,Wraps,400,385,Low,Salty,Good,4,Convenience,Met Expectations,Tacos,Savory,Gluten Free,Will order again.,Yes,Takeaway
41,dharmajan.bora63@gmail.com,Kavya Dugar,49,Male,Delhi,Eggetarian,Haldiram's,Salad,433,554,Low,Spicy,Poor,1,Cravings,Met Expectations,Wraps,Rich/Creamy,None,Worst experience.,No,Takeaway
42,heer.halder64@gmail.com,Vihaan Yohannan,47,Male,Hyderabad,Eggetarian,Haldiram's,Wraps,748,188,High,Salty,Excellent,4,Social Gathering,Below Expectations,Sandwich,Spicy,Gluten Free,Best in town!,Yes,Dine-in
43,advika.tank3@gmail.com,Parinaaz Ratta,33,Female,Chennai,Non-Vegetarian,Subway,Sandwich,942,480,Medium,Spicy,Terrible,2,Hunger,Met Expectations,Pasta,Rich/Creamy,Low Carb,Too salty.,No,Takeaway
44,zara.sridhar52@gmail.com,Elakshi Rastogi,55,Male,Mumbai,Vegan,Local Bistro,Sandwich,634,482,High,Bland,Average,3,Health/Diet,Below Expectations,Fried Chicken,Rich/Creamy,Low Carb,Good but delivery was late.,No,Drive-thru
45,sara.dhar47@gmail.com,Aaryahi Bhat,54,Male,Madurai,Vegan,Taco Bell,Fried Chicken,252,359,Medium,Spicy,Average,3,Social Gathering,Met Expectations,Fried Chicken,Savory,None,It was okay.,Yes,Drive-thru
46,shray.bala75@gmail.com,Armaan Brar,38,Male,Delhi,Vegan,Local Bistro,Salad,275,557,Low,Spicy,Poor,2,Cravings,Below Expectations,Biryani,Spicy,Gluten Free,Poor packaging.,No,Takeaway
47,mannat.raja84@gmail.com,Saanvi Kulkarni,46,Male,Ahmedabad,Eggetarian,Local Bistro,Biryani,287,552,High,Spicy,Average,3,Convenience,Exceeded Expectations,Pasta,Healthy/Low Cal,Gluten Free,Good but delivery was late.,Yes,Drive-thru
48,ryan.ganesan25@gmail.com,Lakshit Chander,20,Female,Mumbai,Eggetarian,Domino's,Tacos,1032,477,Medium,Delicious,Average,3,Social Gathering,Below Expectations,Salad,Savory,High Protein,Average taste.,No,Takeaway
49,hrishita.iyer95@gmail.com,Indrajit Suresh,27,Male,Kolkata,Non-Vegetarian,Haldiram's,Tacos,399,737,Low,Bland,Poor,2,Health/Diet,Met Expectations,Sandwich,Sweet,Organic,Poor packaging.,No,Takeaway
50,ayesha.jaggi49@gmail.com,Vivaan Wable,29,Male,Delhi,Vegetarian,Pizza Hut,Wraps,658,683,Low,Spicy,Average,3,Social Gathering,Met Expectations,Biryani,Rich/Creamy,Organic,Decent but expensive.,Yes,Dine-in
51,zain.roy86@gmail.com,Hunar Magar,41,Female,Jaipur,Vegan,McDonald's,Fried Chicken,704,167,High,Salty,Average,3,Convenience,Met Expectations,Salad,Sweet,None,Average taste.,Yes,Takeaway
52,ehsaan.ghose67@gmail.com,Indrajit Din,36,Female,Kolkata,Vegan,Local Bistro,Noodles,851,273,Low,Bland,Good,5,Hunger,Below Expectations,Pizza,Spicy,Low Carb,Will order again.,Yes,Drive-thru
53,nehmat.batra51@gmail.com,Miraan Singh,28,Male,Jaipur,Vegan,McDonald's,Biryani,1120,741,Medium,Bland,Terrible,2,Health/Diet,Exceeded Expectations,Fried Chicken,Healthy/Low Cal,High Protein,Not worth the money.,No,Drive-thru
54,charvi.babu27@gmail.com,Advik Jhaveri,43,Female,Mumbai,Eggetarian,Haldiram's,Noodles,738,322,Medium,Delicious,Average,3,Social Gathering,Met Expectations,Burger,Spicy,None,It was okay.,Yes,Dine-in
55,sumer.khurana29@gmail.com,Eshani Khatri,29,Male,Bangalore,Non-Vegetarian,Burger King,Noodles,413,643,High,Average,Terrible,1,Health/Diet,Met Expectations,Sandwich,Healthy/Low Cal,None,Not worth the money.,No,Takeaway
56,emir.grewal43@gmail.com,Adira Lata,26,Male,Hyderabad,Eggetarian,Local Bistro,Wraps,765,711,Low,Delicious,Average,3,Health/Diet,Met Expectations,Wraps,Healthy/Low Cal,Sugar Free,Average taste.,Yes,Food Delivery App (Swiggy/Zomato)
57,anya.bora32@gmail.com,Nitara Barad,56,Female,Madurai,Non-Vegetarian,Taco Bell,Salad,1188,455,High,Delicious,Average,3,Celebration,Met Expectations,Biryani,Spicy,Organic,It was okay.,No,Dine-in
58,baiju.subramaniam89@gmail.com,Drishya Char,24,Female,Bangalore,Eggetarian,Subway,Wraps,930,229,High,Spicy,Poor,2,Health/Diet,Met Expectations,Burger,Healthy/Low Cal,Sugar Free,Worst experience.,No,Takeaway
59,elakshi.mandal48@gmail.com,Samaira Bobal,37,Male,Delhi,Vegan,Pizza Hut,Sandwich,389,368,High,Spicy,Poor,1,Celebration,Met Expectations,Tacos,Spicy,Organic,Cold food delivered.,No,Food Delivery App (Swiggy/Zomato)
60,rasha.chawla99@gmail.com,Stuvan Mani,37,Female,Jaipur,Vegetarian,Starbucks,Sandwich,1156,514,Medium,Bland,Excellent,4,Hunger,Below Expectations,Sandwich,Healthy/Low Cal,Organic,Loved the food!,Yes,Dine-in
61,kimaya.choudhry85@gmail.com,Tejas Bhagat,53,Male,Hyderabad,Eggetarian,Haldiram's,Biryani,513,701,Medium,Spicy,Poor,1,Convenience,Met Expectations,Biryani,Rich/Creamy,Sugar Free,Not worth the money.,No,Takeaway
62,anahita.gulati35@gmail.com,Zain Setty,26,Male,Madurai,Eggetarian,Taco Bell,Biryani,1086,314,Low,Spicy,Good,5,Celebration,Exceeded Expectations,Burger,Sweet,Sugar Free,Excellent quality.,Yes,Food Delivery App (Swiggy/Zomato)
63,azad.jha65@gmail.com,Ritvik Ahuja,26,Female,Hyderabad,Eggetarian,Subway,Fried Chicken,663,280,Low,Bland,Excellent,4,Hunger,Below Expectations,Biryani,Healthy/Low Cal,None,Best in town!,Yes,Food Delivery App (Swiggy/Zomato)
64,jivin.behl38@gmail.com,Kaira Bassi,25,Male,Ahmedabad,Eggetarian,Starbucks,Wraps,314,619,Low,Bland,Excellent,5,Convenience,Exceeded Expectations,Pizza,Healthy/Low Cal,Organic,Will order again.,Yes,Takeaway
65,veer.ganguly91@gmail.com,Shamik Gara,39,Male,Delhi,Eggetarian,KFC,Fried Chicken,308,587,Medium,Bland,Good,5,Celebration,Below Expectations,Noodles,Rich/Creamy,None,Loved the food!,Yes,Drive-thru
66,vedika.tella44@gmail.com,Riaan Sarkar,18,Male,Ahmedabad,Vegetarian,McDonald's,Pasta,429,227,Low,Bland,Good,4,Social Gathering,Exceeded Expectations,Salad,Healthy/Low Cal,Gluten Free,Loved the food!,Yes,Food Delivery App (Swiggy/Zomato)
67,amani.andra70@gmail.com,Krish Balay,52,Female,Ahmedabad,Vegan,Starbucks,Wraps,585,242,Low,Delicious,Excellent,5,Convenience,Exceeded Expectations,Pizza,Spicy,Organic,Excellent quality.,Yes,Dine-in
68,urvi.bhandari75@gmail.com,Sara Warrior,46,Male,Delhi,Eggetarian,KFC,Tacos,1094,564,High,Delicious,Average,3,Health/Diet,Met Expectations,Tacos,Spicy,Organic,It was okay.,Yes,Dine-in
69,alisha.dayal9@gmail.com,Shanaya Mandal,36,Female,Pune,Non-Vegetarian,McDonald's,Wraps,733,298,Medium,Spicy,Terrible,1,Cravings,Met Expectations,Salad,Sweet,Low Carb,Worst experience.,No,Food Delivery App (Swiggy/Zomato)
70,tara.mani77@gmail.com,Amira Kakar,51,Male,Kolkata,Vegetarian,Haldiram's,Pasta,880,728,High,Delicious,Excellent,5,Hunger,Below Expectations,Noodles,Sweet,Organic,Best in town!,Yes,Drive-thru
71,madhav.samra31@gmail.com,Ryan Ramesh,46,Male,Chennai,Non-Vegetarian,Pizza Hut,Biryani,866,722,Medium,Average,Poor,1,Cravings,Exceeded Expectations,Sandwich,Healthy/Low Cal,None,Poor packaging.,No,Drive-thru
72,armaan.dhar1@gmail.com,Drishya Dubey,22,Female,Ahmedabad,Non-Vegetarian,Haldiram's,Sandwich,676,386,Low,Salty,Good,5,Convenience,Below Expectations,Wraps,Spicy,None,Great taste and packaging.,Yes,Dine-in
73,pihu.datta32@gmail.com,Baiju Chokshi,32,Male,Pune,Eggetarian,Taco Bell,Pizza,295,630,High,Spicy,Excellent,5,Cravings,Met Expectations,Biryani,Healthy/Low Cal,Organic,Loved the food!,Yes,Drive-thru
74,nehmat.yogi40@gmail.com,Darshit Ray,54,Male,Jaipur,Vegan,Pizza Hut,Fried Chicken,640,441,High,Delicious,Excellent,5,Convenience,Exceeded Expectations,Sandwich,Healthy/Low Cal,High Protein,Great taste and packaging.,Yes,Dine-in
75,kanav.sinha37@gmail.com,Anahi Arora,24,Female,Chennai,Non-Vegetarian,Local Bistro,Burger,992,414,Low,Average,Poor,1,Hunger,Below Expectations,Fried Chicken,Rich/Creamy,High Protein,Not worth the money.,No,Takeaway
76,chirag.dua33@gmail.com,Pihu Rajan,33,Male,Madurai,Non-Vegetarian,Haldiram's,Biryani,614,739,Medium,Average,Terrible,2,Hunger,Exceeded Expectations,Sandwich,Savory,Low Carb,Too salty.,No,Drive-thru
77,ahana .atwal54@gmail.com,Anahita Varkey,26,Female,Mumbai,Non-Vegetarian,Domino's,Sandwich,420,394,High,Average,Average,3,Convenience,Below Expectations,Biryani,Spicy,Gluten Free,Average taste.,Yes,Dine-in
78,onkar.gera35@gmail.com,Baiju Shan,32,Male,Bangalore,Non-Vegetarian,McDonald's,Biryani,919,668,Low,Spicy,Terrible,1,Hunger,Below Expectations,Burger,Savory,None,Cold food delivered.,No,Takeaway
79,umang.bajaj14@gmail.com,Azad Sagar,38,Male,Mumbai,Vegetarian,Burger King,Tacos,291,242,High,Spicy,Excellent,4,Hunger,Below Expectations,Pasta,Rich/Creamy,Organic,Loved the food!,Yes,Dine-in
80,rati.kibe54@gmail.com,Aaryahi Mani,29,Female,Kolkata,Eggetarian,Haldiram's,Fried Chicken,1194,501,Medium,Bland,Excellent,4,Celebration,Below Expectations,Pizza,Rich/Creamy,Organic,Loved the food!,Yes,Drive-thru
81,amira.dayal69@gmail.com,Divyansh Sidhu,19,Male,Kolkata,Vegan,Pizza Hut,Wraps,1096,512,Medium,Salty,Poor,2,Celebration,Met Expectations,Pizza,Rich/Creamy,High Protein,Poor packaging.,No,Drive-thru
82,anya.bandi7@gmail.com,Sara Sibal,39,Male,Kolkata,Non-Vegetarian,McDonald's,Burger,280,693,High,Bland,Terrible,1,Convenience,Below Expectations,Biryani,Spicy,Gluten Free,Cold food delivered.,No,Food Delivery App (Swiggy/Zomato)
83,anaya.kota28@gmail.com,Kimaya Verma,41,Female,Chennai,Eggetarian,Local Bistro,Salad,279,154,High,Spicy,Poor,2,Celebration,Met Expectations,Salad,Savory,None,Cold food delivered.,No,Takeaway
84,sara.yohannan79@gmail.com,Ryan Vaidya,35,Male,Ahmedabad,Vegan,Haldiram's,Pasta,306,570,Medium,Spicy,Average,3,Celebration,Below Expectations,Noodles,Sweet,Low Carb,Decent but expensive.,No,Food Delivery App (Swiggy/Zomato)
85,aaina.kapadia71@gmail.com,Ela Solanki,29,Female,Hyderabad,Vegetarian,Burger King,Fried Chicken,597,213,Low,Bland,Excellent,4,Hunger,Exceeded Expectations,Burger,Healthy/Low Cal,High Protein,Loved the food!,Yes,Food Delivery App (Swiggy/Zomato)
86,zoya.lad37@gmail.com,Nayantara Kala,21,Female,Chennai,Vegan,Taco Bell,Pizza,927,730,Low,Salty,Poor,2,Hunger,Below Expectations,Sandwich,Rich/Creamy,Organic,Worst experience.,No,Drive-thru
87,tanya.ganesh40@gmail.com,Piya Kalita,53,Male,Madurai,Eggetarian,Subway,Burger,258,656,Medium,Delicious,Terrible,2,Hunger,Met Expectations,Salad,Rich/Creamy,Low Carb,Not worth the money.,No,Drive-thru
88,lagan.datta46@gmail.com,Lakshay Chad,43,Male,Delhi,Vegan,Pizza Hut,Pasta,762,153,Medium,Salty,Excellent,5,Cravings,Below Expectations,Sandwich,Rich/Creamy,Organic,Will order again.,Yes,Takeaway
89,dhanush.mandal80@gmail.com,Mannat Ahluwalia,27,Male,Mumbai,Vegan,Burger King,Pasta,865,702,Low,Average,Poor,1,Cravings,Exceeded Expectations,Biryani,Rich/Creamy,None,Not worth the money.,No,Dine-in
90,madhav.bahri92@gmail.com,Vritika Dash,41,Male,Kolkata,Eggetarian,McDonald's,Pizza,1180,682,Low,Spicy,Good,4,Social Gathering,Exceeded Expectations,Sandwich,Healthy/Low Cal,Sugar Free,Will order again.,Yes,Dine-in
91,dhruv.karnik88@gmail.com,Jayan Bail,28,Female,Delhi,Vegan,Domino's,Salad,1019,445,Medium,Spicy,Excellent,4,Hunger,Exceeded Expectations,Wraps,Spicy,Low Carb,Will order again.,Yes,Dine-in
92,shayak.chaudry18@gmail.com,Lagan Malhotra,39,Male,Kolkata,Eggetarian,Subway,Sandwich,1180,775,High,Spicy,Poor,2,Social Gathering,Exceeded Expectations,Sandwich,Healthy/Low Cal,Organic,Worst experience.,No,Drive-thru
93,shamik.kalita66@gmail.com,Vivaan Dugal,18,Male,Hyderabad,Vegetarian,Pizza Hut,Noodles,383,755,Medium,Bland,Excellent,4,Convenience,Exceeded Expectations,Biryani,Spicy,High Protein,Excellent quality.,Yes,Drive-thru
94,mahika.dass65@gmail.com,Veer Gour,27,Male,Mumbai,Non-Vegetarian,Local Bistro,Wraps,1173,674,Low,Spicy,Terrible,2,Health/Diet,Below Expectations,Pizza,Savory,None,Cold food delivered.,No,Dine-in
95,yuvraj .maharaj80@gmail.com,Prerak Sachar,39,Male,Madurai,Eggetarian,KFC,Sandwich,635,514,High,Bland,Excellent,5,Convenience,Met Expectations,Salad,Spicy,Sugar Free,Loved the food!,Yes,Dine-in
96,ivan.samra53@gmail.com,Tushar Bose,41,Female,Mumbai,Vegan,Local Bistro,Sandwich,925,305,Medium,Delicious,Good,5,Convenience,Met Expectations,Salad,Rich/Creamy,Low Carb,Excellent quality.,Yes,Food Delivery App (Swiggy/Zomato)
97,kaira.kunda52@gmail.com,Nirvi Tandon,33,Female,Hyderabad,Eggetarian,Starbucks,Pasta,1060,353,Low,Average,Good,5,Social Gathering,Met Expectations,Sandwich,Rich/Creamy,Low Carb,Excellent quality.,Yes,Takeaway
98,saksham.goel94@gmail.com,Ira Thaman,50,Female,Chennai,Non-Vegetarian,Taco Bell,Wraps,505,314,High,Salty,Good,5,Convenience,Met Expectations,Sandwich,Savory,Sugar Free,Will order again.,Yes,Takeaway
99,kaira.soni28@gmail.com,Alisha Som,55,Female,Mumbai,Eggetarian,Local Bistro,Pasta,816,330,Medium,Salty,Terrible,2,Social Gathering,Exceeded Expectations,Salad,Healthy/Low Cal,None,Worst experience.,No,Dine-in
100,manikya.jhaveri61@gmail.com,Himmat Mannan,34,Male,Pune,Vegetarian,Domino's,Biryani,1038,392,Low,Spicy,Excellent,5,Celebration,Exceeded Expectations,Sandwich,Healthy/Low Cal,Gluten Free,Loved the food!,Yes,Drive-thru
101,kiaan.sodhi78@gmail.com,Hunar Dass,50,Male,Pune,Eggetarian,Local Bistro,Biryani,377,762,Low,Spicy,Terrible,2,Cravings,Below Expectations,Burger,Sweet,Low Carb,Not worth the money.,No,Food Delivery App (Swiggy/Zomato)
102,akarsh.randhawa48@gmail.com,Himmat Maharaj,59,Female,Kolkata,Non-Vegetarian,Subway,Salad,329,718,Low,Delicious,Terrible,1,Social Gathering,Below Expectations,Tacos,Healthy/Low Cal,None,Cold food delivered.,No,Drive-thru
103,aaina.sen24@gmail.com,Raunak Gola,46,Male,Pune,Non-Vegetarian,Haldiram's,Wraps,853,725,Medium,Average,Good,4,Convenience,Exceeded Expectations,Fried Chicken,Savory,Gluten Free,Loved the food!,Yes,Takeaway
104,nakul.rout86@gmail.com,Kiara Lata,39,Male,Ahmedabad,Non-Vegetarian,Starbucks,Biryani,674,306,High,Spicy,Terrible,2,Celebration,Below Expectations,Salad,Rich/Creamy,Organic,Not worth the money.,No,Dine-in
105,kiara.chacko74@gmail.com,Riya Mannan,40,Female,Jaipur,Vegan,Haldiram's,Fried Chicken,1021,355,Medium,Spicy,Excellent,4,Convenience,Below Expectations,Noodles,Savory,Sugar Free,Best in town!,Yes,Takeaway
106,heer.chandra54@gmail.com,Mannat Dhar,50,Male,Mumbai,Vegetarian,Taco Bell,Noodles,928,501,Low,Delicious,Good,5,Cravings,Exceeded Expectations,Noodles,Spicy,High Protein,Great taste and packaging.,Yes,Takeaway
107,vidur.goda93@gmail.com,Aaina Ray,21,Male,Bangalore,Non-Vegetarian,Pizza Hut,Tacos,855,530,Medium,Delicious,Poor,2,Cravings,Met Expectations,Noodles,Sweet,Gluten Free,Too salty.,No,Takeaway
108,aarna.kalla59@gmail.com,Jivika Mangal,42,Male,Chennai,Vegetarian,Local Bistro,Tacos,779,670,Low,Spicy,Average,3,Social Gathering,Met Expectations,Wraps,Rich/Creamy,High Protein,Average taste.,No,Takeaway
109,pihu.gaba80@gmail.com,Elakshi Gole,29,Male,Ahmedabad,Vegan,Subway,Salad,649,445,Low,Delicious,Poor,1,Cravings,Exceeded Expectations,Noodles,Spicy,None,Poor packaging.,No,Dine-in
110,ehsaan.bora9@gmail.com,Pranay Srivastava,45,Male,Mumbai,Non-Vegetarian,Pizza Hut,Burger,433,785,Low,Delicious,Poor,1,Cravings,Met Expectations,Sandwich,Savory,High Protein,Not worth the money.,No,Food Delivery App (Swiggy/Zomato)
111,biju.acharya57@gmail.com,Lagan Gupta,60,Female,Mumbai,Vegetarian,McDonald's,Burger,784,784,Medium,Average,Average,3,Cravings,Met Expectations,Burger,Savory,High Protein,It was okay.,No,Dine-in
112,vanya.bansal15@gmail.com,Myra Rajagopalan,56,Female,Bangalore,Eggetarian,KFC,Sandwich,959,591,High,Average,Poor,1,Convenience,Exceeded Expectations,Wraps,Healthy/Low Cal,Sugar Free,Not worth the money.,No,Takeaway
113,indranil.mangat42@gmail.com,Kashvi Bakshi,20,Male,Kolkata,Eggetarian,Taco Bell,Sandwich,883,238,Medium,Bland,Poor,1,Celebration,Below Expectations,Pasta,Savory,Low Carb,Too salty.,No,Takeaway
114,hunar.thaman71@gmail.com,Anaya Ahuja,42,Female,Madurai,Non-Vegetarian,KFC,Noodles,652,582,Low,Spicy,Poor,2,Health/Diet,Exceeded Expectations,Salad,Spicy,High Protein,Worst experience.,No,Dine-in
115,krish.srinivas28@gmail.com,Anahita Apte,57,Female,Hyderabad,Eggetarian,Subway,Sandwich,783,601,High,Bland,Poor,1,Social Gathering,Met Expectations,Salad,Spicy,High Protein,Too salty.,No,Takeaway
116,aaina.dani35@gmail.com,Ahana  Chandra,22,Male,Chennai,Vegetarian,KFC,Wraps,560,704,High,Average,Average,3,Celebration,Met Expectations,Pasta,Healthy/Low Cal,Sugar Free,It was okay.,Yes,Food Delivery App (Swiggy/Zomato)
117,eshani.ratta62@gmail.com,Dhanush Datta,59,Male,Bangalore,Vegetarian,Local Bistro,Biryani,1024,374,High,Spicy,Poor,2,Cravings,Below Expectations,Sandwich,Sweet,None,Not worth the money.,No,Takeaway
118,ryan.barad6@gmail.com,Biju Keer,56,Female,Pune,Eggetarian,KFC,Salad,289,639,Medium,Spicy,Terrible,2,Social Gathering,Exceeded Expectations,Pizza,Savory,Sugar Free,Too salty.,No,Dine-in
119,krish.char20@gmail.com,Vardaniya Sampath,43,Male,Jaipur,Eggetarian,McDonald's,Pizza,538,415,Medium,Average,Terrible,2,Social Gathering,Met Expectations,Sandwich,Rich/Creamy,None,Poor packaging.,No,Food Delivery App (Swiggy/Zomato)
120,riaan.doshi16@gmail.com,Emir Guha,23,Female,Madurai,Eggetarian,Starbucks,Fried Chicken,348,289,Medium,Salty,Terrible,2,Social Gathering,Below Expectations,Noodles,Savory,High Protein,Too salty.,No,Dine-in
121,vardaniya.sarna61@gmail.com,Nirvi Shankar,27,Female,Jaipur,Vegan,Haldiram's,Burger,561,323,High,Spicy,Good,4,Health/Diet,Met Expectations,Noodles,Sweet,Sugar Free,Great taste and packaging.,Yes,Takeaway
122,jivika.samra3@gmail.com,Taran Srinivas,34,Female,Madurai,Non-Vegetarian,KFC,Biryani,1165,629,Low,Bland,Average,3,Convenience,Met Expectations,Pizza,Rich/Creamy,Gluten Free,Good but delivery was late.,No,Drive-thru
123,azad.walia56@gmail.com,Nitara Iyengar,36,Female,Kolkata,Eggetarian,McDonald's,Burger,566,521,Low,Delicious,Terrible,2,Health/Diet,Below Expectations,Tacos,Healthy/Low Cal,Gluten Free,Poor packaging.,No,Drive-thru
124,indrajit.tailor59@gmail.com,Veer Saraf,44,Male,Hyderabad,Eggetarian,KFC,Sandwich,1185,526,Low,Average,Terrible,1,Celebration,Met Expectations,Pasta,Spicy,Low Carb,Too salty.,No,Dine-in
125,ivana.jain14@gmail.com,Charvi Soman,47,Male,Madurai,Vegetarian,Subway,Fried Chicken,973,793,High,Spicy,Average,3,Hunger,Below Expectations,Fried Chicken,Savory,Organic,Decent but expensive.,No,Takeaway
126,lavanya.saxena95@gmail.com,Jayant Andra,56,Male,Chennai,Eggetarian,Subway,Salad,393,485,Low,Delicious,Average,3,Hunger,Below Expectations,Salad,Sweet,Sugar Free,Good but delivery was late.,Yes,Drive-thru
127,tejas.yogi3@gmail.com,Indrajit Kurian,33,Female,Jaipur,Vegan,Local Bistro,Fried Chicken,931,450,Low,Salty,Poor,2,Social Gathering,Met Expectations,Pasta,Spicy,Sugar Free,Poor packaging.,No,Dine-in
128,jivika.dey15@gmail.com,Alisha Ramesh,58,Male,Ahmedabad,Eggetarian,Local Bistro,Biryani,1126,744,Low,Salty,Average,3,Celebration,Exceeded Expectations,Noodles,Healthy/Low Cal,Gluten Free,Decent but expensive.,No,Takeaway
129,uthkarsh.viswanathan4@gmail.com,Indranil Golla,29,Female,Kolkata,Eggetarian,Subway,Sandwich,458,592,High,Delicious,Terrible,1,Social Gathering,Below Expectations,Fried Chicken,Sweet,Gluten Free,Poor packaging.,No,Dine-in
130,sana.bhatt92@gmail.com,Anika Borah,33,Female,Delhi,Vegan,Taco Bell,Wraps,1089,510,Medium,Salty,Good,5,Celebration,Exceeded Expectations,Tacos,Sweet,None,Best in town!,Yes,Takeaway
131,farhan.lal30@gmail.com,Misha Sibal,58,Male,Kolkata,Non-Vegetarian,Starbucks,Pizza,1051,520,Low,Spicy,Average,3,Health/Diet,Below Expectations,Noodles,Rich/Creamy,Low Carb,Good but delivery was late.,No,Food Delivery App (Swiggy/Zomato)
132,diya.ahluwalia41@gmail.com,Hansh Jani,46,Female,Madurai,Eggetarian,McDonald's,Tacos,1155,348,Medium,Bland,Terrible,2,Celebration,Met Expectations,Fried Chicken,Healthy/Low Cal,Sugar Free,Poor packaging.,No,Takeaway
133,anay.mahajan47@gmail.com,Anika Ahluwalia,54,Female,Delhi,Eggetarian,Taco Bell,Noodles,990,607,Low,Bland,Good,4,Convenience,Exceeded Expectations,Pasta,Rich/Creamy,Gluten Free,Great taste and packaging.,Yes,Drive-thru
134,gatik.krish18@gmail.com,Keya Bail,20,Male,Kolkata,Eggetarian,Haldiram's,Noodles,640,360,Low,Salty,Poor,2,Cravings,Exceeded Expectations,Pasta,Healthy/Low Cal,Gluten Free,Worst experience.,No,Takeaway
135,khushi.chakraborty28@gmail.com,Divit Lall,30,Male,Pune,Vegan,Subway,Pizza,1131,557,Low,Bland,Poor,1,Hunger,Exceeded Expectations,Burger,Sweet,None,Too salty.,No,Food Delivery App (Swiggy/Zomato)
136,jhanvi.vaidya21@gmail.com,Uthkarsh Bahri,43,Male,Delhi,Non-Vegetarian,Pizza Hut,Burger,520,177,Low,Spicy,Poor,1,Social Gathering,Below Expectations,Salad,Savory,Organic,Not worth the money.,No,Dine-in
137,nirvaan.sem19@gmail.com,Hunar De,26,Male,Jaipur,Eggetarian,Pizza Hut,Sandwich,650,630,Medium,Spicy,Excellent,5,Convenience,Below Expectations,Fried Chicken,Healthy/Low Cal,None,Will order again.,Yes,Takeaway
138,raunak.dass66@gmail.com,Devansh Shenoy,18,Female,Chennai,Vegetarian,KFC,Fried Chicken,1014,448,Low,Salty,Terrible,1,Convenience,Met Expectations,Pizza,Sweet,Organic,Not worth the money.,No,Takeaway
139,nakul.cherian47@gmail.com,Divit Kaul,23,Male,Hyderabad,Vegan,Local Bistro,Wraps,1161,431,Low,Average,Good,5,Health/Diet,Met Expectations,Burger,Rich/Creamy,Low Carb,Excellent quality.,Yes,Drive-thru
140,zeeshan.khurana88@gmail.com,Zain Chowdhury,60,Female,Ahmedabad,Eggetarian,Taco Bell,Pizza,339,477,Medium,Delicious,Poor,2,Cravings,Exceeded Expectations,Pasta,Sweet,Organic,Too salty.,No,Dine-in
141,shayak.deep61@gmail.com,Zaina Bahri,52,Female,Bangalore,Non-Vegetarian,Local Bistro,Sandwich,516,388,Medium,Salty,Terrible,1,Social Gathering,Below Expectations,Sandwich,Spicy,Sugar Free,Poor packaging.,No,Food Delivery App (Swiggy/Zomato)
142,aarush.sankaran8@gmail.com,Aaina Sarna,58,Male,Jaipur,Eggetarian,Haldiram's,Wraps,641,568,Low,Bland,Poor,2,Hunger,Met Expectations,Fried Chicken,Rich/Creamy,High Protein,Cold food delivered.,No,Drive-thru
143,shray.manda97@gmail.com,Aaryahi Gupta,54,Female,Delhi,Eggetarian,Burger King,Tacos,401,619,Medium,Delicious,Good,5,Celebration,Met Expectations,Pizza,Rich/Creamy,Low Carb,Loved the food!,Yes,Food Delivery App (Swiggy/Zomato)
144,aniruddh.varughese20@gmail.com,Devansh Bawa,44,Male,Delhi,Vegan,Pizza Hut,Tacos,599,174,Medium,Delicious,Good,4,Convenience,Below Expectations,Noodles,Savory,High Protein,Will order again.,Yes,Drive-thru
145,rasha.sheth47@gmail.com,Zaina Sawhney,22,Male,Mumbai,Eggetarian,Taco Bell,Biryani,443,290,High,Delicious,Poor,1,Hunger,Met Expectations,Salad,Rich/Creamy,Sugar Free,Too salty.,No,Dine-in
146,neysa.issac51@gmail.com,Emir Mahal,40,Male,Chennai,Non-Vegetarian,Subway,Biryani,476,419,Medium,Spicy,Excellent,5,Celebration,Exceeded Expectations,Pizza,Savory,Organic,Excellent quality.,Yes,Food Delivery App (Swiggy/Zomato)
147,khushi.sood12@gmail.com,Samar Bedi,34,Female,Ahmedabad,Eggetarian,Subway,Pasta,324,321,Low,Delicious,Terrible,2,Hunger,Below Expectations,Noodles,Healthy/Low Cal,High Protein,Not worth the money.,No,Food Delivery App (Swiggy/Zomato)
148,vanya.kata80@gmail.com,Bhamini Bora,44,Male,Mumbai,Non-Vegetarian,McDonald's,Fried Chicken,1131,421,Low,Salty,Poor,1,Social Gathering,Exceeded Expectations,Pizza,Healthy/Low Cal,Organic,Too salty.,No,Food Delivery App (Swiggy/Zomato)
149,kaira.vig90@gmail.com,Ivan Soni,20,Male,Mumbai,Vegan,McDonald's,Fried Chicken,916,159,Medium,Delicious,Excellent,4,Social Gathering,Met Expectations,Fried Chicken,Spicy,Sugar Free,Great taste and packaging.,Yes,Food Delivery App (Swiggy/Zomato)
150,ivana.virk31@gmail.com,Adah Lata,49,Male,Pune,Eggetarian,Haldiram's,Noodles,1103,377,Low,Salty,Poor,2,Cravings,Exceeded Expectations,Biryani,Savory,High Protein,Poor packaging.,No,Dine-in
151,stuvan.ganesan33@gmail.com,Nitara Sangha,27,Male,Kolkata,Non-Vegetarian,Burger King,Salad,604,468,Low,Average,Excellent,5,Social Gathering,Below Expectations,Fried Chicken,Sweet,Gluten Free,Great taste and packaging.,Yes,Takeaway
152,kanav.mammen16@gmail.com,Oorja Dubey,26,Female,Mumbai,Eggetarian,Local Bistro,Noodles,251,333,Low,Spicy,Terrible,1,Health/Diet,Exceeded Expectations,Noodles,Healthy/Low Cal,Gluten Free,Not worth the money.,No,Dine-in
153,krish.wali64@gmail.com,Nakul Randhawa,37,Female,Ahmedabad,Eggetarian,Local Bistro,Pizza,950,626,Low,Salty,Excellent,4,Convenience,Exceeded Expectations,Pasta,Healthy/Low Cal,High Protein,Excellent quality.,Yes,Dine-in
154,darshit.chakrabarti16@gmail.com,Tarini Khanna,60,Male,Jaipur,Non-Vegetarian,Taco Bell,Burger,652,605,Low,Spicy,Average,3,Health/Diet,Below Expectations,Pasta,Spicy,Low Carb,It was okay.,Yes,Dine-in
155,amani.khosla39@gmail.com,Vedika Kumer,48,Male,Madurai,Vegan,Starbucks,Pasta,308,415,Low,Bland,Terrible,1,Hunger,Met Expectations,Wraps,Sweet,None,Not worth the money.,No,Takeaway
156,dharmajan.bhatti71@gmail.com,Ivan Gokhale,42,Female,Madurai,Vegetarian,Haldiram's,Tacos,325,306,High,Salty,Poor,1,Convenience,Met Expectations,Salad,Healthy/Low Cal,Sugar Free,Poor packaging.,No,Food Delivery App (Swiggy/Zomato)
157,mohanlal.lanka32@gmail.com,Nitya Dyal,36,Male,Hyderabad,Non-Vegetarian,Starbucks,Pizza,604,782,High,Bland,Excellent,4,Convenience,Met Expectations,Biryani,Sweet,None,Great taste and packaging.,Yes,Drive-thru
158,seher.chowdhury97@gmail.com,Ritvik Shere,59,Female,Bangalore,Eggetarian,Pizza Hut,Pizza,872,761,Medium,Spicy,Terrible,1,Health/Diet,Exceeded Expectations,Noodles,Healthy/Low Cal,Gluten Free,Poor packaging.,No,Dine-in
159,anika.savant22@gmail.com,Misha Cherian,58,Female,Hyderabad,Non-Vegetarian,McDonald's,Pizza,1148,315,High,Bland,Terrible,1,Celebration,Below Expectations,Burger,Rich/Creamy,Sugar Free,Poor packaging.,No,Dine-in
160,pihu.ahuja90@gmail.com,Nitara Brar,31,Female,Ahmedabad,Vegetarian,Haldiram's,Pizza,473,732,Medium,Average,Excellent,5,Celebration,Met Expectations,Fried Chicken,Healthy/Low Cal,None,Loved the food!,Yes,Dine-in
161,anaya.gupta13@gmail.com,Ojas Sarma,18,Female,Hyderabad,Vegetarian,KFC,Noodles,828,369,Low,Salty,Terrible,1,Celebration,Below Expectations,Burger,Healthy/Low Cal,Gluten Free,Too salty.,No,Dine-in
162,chirag.guha5@gmail.com,Chirag Bera,36,Male,Delhi,Eggetarian,Pizza Hut,Salad,525,746,High,Bland,Average,3,Hunger,Below Expectations,Fried Chicken,Savory,None,Good but delivery was late.,Yes,Takeaway
163,shalv.chaudhry50@gmail.com,Hiran Joshi,51,Female,Jaipur,Vegetarian,Local Bistro,Noodles,751,175,Medium,Average,Excellent,5,Convenience,Met Expectations,Pizza,Spicy,Gluten Free,Best in town!,Yes,Drive-thru
164,jivin.bansal1@gmail.com,Anay Gill,19,Female,Hyderabad,Vegan,Starbucks,Pasta,596,618,Low,Bland,Average,3,Cravings,Below Expectations,Tacos,Savory,Organic,Decent but expensive.,Yes,Takeaway
165,anya.gulati41@gmail.com,Renee Majumdar,37,Female,Ahmedabad,Vegan,McDonald's,Wraps,344,575,Medium,Bland,Excellent,4,Social Gathering,Below Expectations,Tacos,Rich/Creamy,High Protein,Excellent quality.,Yes,Dine-in
166,gatik.dar88@gmail.com,Rania Sethi,23,Male,Hyderabad,Eggetarian,Burger King,Wraps,996,231,Low,Bland,Excellent,5,Social Gathering,Exceeded Expectations,Pizza,Savory,High Protein,Excellent quality.,Yes,Food Delivery App (Swiggy/Zomato)
167,rania.ahuja19@gmail.com,Kabir Bhakta,38,Female,Ahmedabad,Vegetarian,Haldiram's,Tacos,414,616,Low,Average,Good,4,Hunger,Met Expectations,Noodles,Spicy,Sugar Free,Loved the food!,Yes,Takeaway
168,azad.choudhary23@gmail.com,Amani Kaul,27,Female,Mumbai,Eggetarian,Domino's,Burger,1044,316,Medium,Bland,Average,3,Social Gathering,Met Expectations,Pasta,Sweet,Organic,Good but delivery was late.,Yes,Food Delivery App (Swiggy/Zomato)
169,kashvi.sama50@gmail.com,Shlok Ratta,59,Male,Delhi,Non-Vegetarian,KFC,Tacos,987,530,High,Delicious,Excellent,5,Health/Diet,Exceeded Expectations,Pasta,Savory,Sugar Free,Great taste and packaging.,Yes,Takeaway
170,vardaniya.shenoy89@gmail.com,Armaan Toor,47,Male,Bangalore,Vegetarian,Pizza Hut,Fried Chicken,310,168,High,Bland,Excellent,5,Cravings,Below Expectations,Burger,Healthy/Low Cal,High Protein,Best in town!,Yes,Takeaway
171,riya.suri5@gmail.com,Jayesh Kant,52,Female,Pune,Non-Vegetarian,Subway,Burger,315,398,Low,Average,Terrible,2,Social Gathering,Below Expectations,Tacos,Sweet,Organic,Worst experience.,No,Takeaway
172,shamik.sood4@gmail.com,Yuvraj  Thakkar,28,Male,Bangalore,Vegetarian,KFC,Wraps,317,737,Medium,Delicious,Excellent,5,Health/Diet,Exceeded Expectations,Pizza,Rich/Creamy,Sugar Free,Best in town!,Yes,Takeaway
173,inaaya .master71@gmail.com,Alisha Karnik,30,Female,Jaipur,Non-Vegetarian,Taco Bell,Biryani,973,151,Medium,Bland,Good,5,Convenience,Below Expectations,Salad,Healthy/Low Cal,Low Carb,Best in town!,Yes,Drive-thru
174,diya.keer97@gmail.com,Tushar Comar,24,Female,Madurai,Non-Vegetarian,Subway,Tacos,1105,725,Low,Delicious,Poor,1,Celebration,Met Expectations,Sandwich,Healthy/Low Cal,None,Not worth the money.,No,Drive-thru
175,kiaan.soni5@gmail.com,Kavya De,32,Female,Jaipur,Vegan,Burger King,Wraps,761,701,Medium,Bland,Average,3,Hunger,Met Expectations,Pasta,Rich/Creamy,Sugar Free,Decent but expensive.,Yes,Takeaway
176,indranil.kuruvilla52@gmail.com,Suhana Grewal,18,Male,Kolkata,Vegan,Taco Bell,Fried Chicken,1002,614,High,Spicy,Poor,1,Convenience,Exceeded Expectations,Sandwich,Healthy/Low Cal,Sugar Free,Worst experience.,No,Food Delivery App (Swiggy/Zomato)
177,nakul.bains47@gmail.com,Diya Trivedi,23,Male,Ahmedabad,Eggetarian,Subway,Sandwich,868,672,Low,Spicy,Poor,2,Cravings,Exceeded Expectations,Sandwich,Healthy/Low Cal,Sugar Free,Not worth the money.,No,Food Delivery App (Swiggy/Zomato)
178,sara.rajagopal64@gmail.com,Purab Seshadri,47,Female,Delhi,Vegan,Local Bistro,Salad,324,216,High,Average,Excellent,4,Convenience,Exceeded Expectations,Pizza,Spicy,Sugar Free,Will order again.,Yes,Dine-in
179,taimur.kakar94@gmail.com,Mamooty Keer,34,Male,Hyderabad,Vegan,Haldiram's,Burger,1142,647,Medium,Salty,Good,5,Celebration,Met Expectations,Pizza,Rich/Creamy,Low Carb,Excellent quality.,Yes,Drive-thru
180,armaan.lata26@gmail.com,Mishti Gole,37,Male,Delhi,Eggetarian,Taco Bell,Biryani,429,504,High,Bland,Poor,1,Social Gathering,Below Expectations,Tacos,Spicy,High Protein,Too salty.,No,Drive-thru
181,amira.kannan82@gmail.com,Riaan Sanghvi,50,Female,Delhi,Vegetarian,Taco Bell,Noodles,1145,605,Medium,Delicious,Poor,2,Cravings,Exceeded Expectations,Fried Chicken,Healthy/Low Cal,Gluten Free,Worst experience.,No,Food Delivery App (Swiggy/Zomato)
182,jivika.kunda22@gmail.com,Hansh Dayal,49,Female,Bangalore,Vegetarian,Starbucks,Noodles,517,535,Low,Average,Poor,2,Celebration,Exceeded Expectations,Biryani,Spicy,Organic,Worst experience.,No,Food Delivery App (Swiggy/Zomato)
183,mohanlal.varty27@gmail.com,Lavanya Rastogi,21,Female,Pune,Vegan,Haldiram's,Burger,1189,265,High,Bland,Terrible,2,Hunger,Below Expectations,Noodles,Rich/Creamy,Organic,Poor packaging.,No,Food Delivery App (Swiggy/Zomato)
184,adira.kata37@gmail.com,Elakshi Bhalla,26,Male,Madurai,Non-Vegetarian,Starbucks,Pasta,572,274,Low,Spicy,Poor,2,Convenience,Exceeded Expectations,Pizza,Savory,Low Carb,Not worth the money.,No,Takeaway
185,riaan.aurora28@gmail.com,Abram Kapadia,51,Male,Pune,Eggetarian,Local Bistro,Salad,686,640,Medium,Salty,Excellent,4,Hunger,Met Expectations,Pasta,Savory,None,Loved the food!,Yes,Takeaway
186,devansh.tella28@gmail.com,Reyansh Soni,47,Male,Madurai,Vegetarian,Haldiram's,Pasta,524,210,Medium,Delicious,Good,4,Social Gathering,Exceeded Expectations,Noodles,Spicy,Organic,Loved the food!,Yes,Drive-thru
187,riaan.shankar42@gmail.com,Shalv Sheth,52,Male,Delhi,Vegan,Taco Bell,Burger,610,370,Low,Spicy,Excellent,5,Health/Diet,Met Expectations,Pasta,Savory,Sugar Free,Loved the food!,Yes,Dine-in
188,samaira.salvi91@gmail.com,Riya Bhargava,48,Male,Mumbai,Non-Vegetarian,Local Bistro,Sandwich,646,742,High,Spicy,Excellent,5,Celebration,Below Expectations,Wraps,Healthy/Low Cal,Sugar Free,Best in town!,Yes,Takeaway
189,kanav.iyengar21@gmail.com,Pihu Dutta,31,Female,Kolkata,Eggetarian,Starbucks,Tacos,1131,647,Low,Salty,Terrible,1,Celebration,Below Expectations,Burger,Rich/Creamy,Organic,Cold food delivered.,No,Dine-in
190,vihaan.devi91@gmail.com,Zeeshan Grewal,42,Female,Bangalore,Non-Vegetarian,McDonald's,Salad,1007,421,Low,Spicy,Good,4,Health/Diet,Exceeded Expectations,Fried Chicken,Healthy/Low Cal,Low Carb,Loved the food!,Yes,Food Delivery App (Swiggy/Zomato)
191,aaryahi.ramesh31@gmail.com,Jayan Kapadia,23,Male,Delhi,Vegetarian,KFC,Fried Chicken,860,296,Medium,Average,Poor,2,Hunger,Met Expectations,Noodles,Sweet,None,Worst experience.,No,Takeaway
192,kismat.sastry39@gmail.com,Aaryahi Apte,46,Male,Bangalore,Eggetarian,McDonald's,Noodles,550,619,High,Salty,Terrible,1,Health/Diet,Met Expectations,Fried Chicken,Healthy/Low Cal,High Protein,Not worth the money.,No,Dine-in
193,rati.dyal50@gmail.com,Gokul Khanna,23,Male,Bangalore,Vegan,Subway,Biryani,421,292,Medium,Salty,Terrible,1,Celebration,Met Expectations,Pizza,Rich/Creamy,High Protein,Not worth the money.,No,Takeaway
194,aarna.dixit44@gmail.com,Misha Chakrabarti,30,Female,Mumbai,Vegetarian,Domino's,Burger,553,322,High,Average,Excellent,5,Cravings,Exceeded Expectations,Pasta,Sweet,Sugar Free,Excellent quality.,Yes,Food Delivery App (Swiggy/Zomato)
195,kiaan.zacharia8@gmail.com,Aayush Kala,58,Male,Delhi,Non-Vegetarian,Burger King,Fried Chicken,1080,373,Medium,Bland,Poor,1,Convenience,Exceeded Expectations,Sandwich,Sweet,High Protein,Cold food delivered.,No,Dine-in
196,biju.bhalla51@gmail.com,Vaibhav De,35,Male,Madurai,Eggetarian,Starbucks,Burger,1155,150,High,Salty,Terrible,2,Hunger,Exceeded Expectations,Pizza,Sweet,High Protein,Cold food delivered.,No,Drive-thru
197,dishani.kamdar3@gmail.com,Dhanuk Korpal,18,Male,Delhi,Non-Vegetarian,KFC,Salad,672,374,Low,Salty,Good,4,Celebration,Met Expectations,Biryani,Rich/Creamy,Low Carb,Will order again.,Yes,Drive-thru
198,romil.mangal29@gmail.com,Arhaan Kapur,43,Female,Madurai,Vegetarian,Haldiram's,Fried Chicken,395,240,Low,Delicious,Excellent,5,Social Gathering,Exceeded Expectations,Salad,Savory,None,Loved the food!,Yes,Dine-in
199,shlok.upadhyay12@gmail.com,Rati Sama,43,Male,Bangalore,Non-Vegetarian,Domino's,Salad,684,522,Medium,Spicy,Terrible,2,Cravings,Exceeded Expectations,Noodles,Sweet,Sugar Free,Cold food delivered.,No,Drive-thru
200,shanaya.bajaj55@gmail.com,Lavanya Varma,58,Male,Kolkata,Vegetarian,Subway,Burger,1012,676,High,Salty,Average,3,Social Gathering,Met Expectations,Sandwich,Sweet,High Protein,It was okay.,No,Drive-thru
201,anahita.raju57@gmail.com,Manjari Bawa,26,Female,Jaipur,Eggetarian,McDonald's,Fried Chicken,496,372,High,Delicious,Poor,2,Convenience,Met Expectations,Salad,Spicy,None,Worst experience.,No,Takeaway
202,farhan.rao63@gmail.com,Krish Dewan,23,Male,Madurai,Non-Vegetarian,Local Bistro,Burger,780,505,Medium,Bland,Average,3,Celebration,Below Expectations,Salad,Healthy/Low Cal,None,Decent but expensive.,Yes,Drive-thru
203,stuvan.choudhary80@gmail.com,Manjari Talwar,25,Male,Hyderabad,Eggetarian,Domino's,Tacos,758,201,Medium,Spicy,Good,5,Health/Diet,Exceeded Expectations,Pasta,Sweet,Sugar Free,Great taste and packaging.,Yes,Dine-in
204,eva.chahal47@gmail.com,Sahil Korpal,34,Female,Madurai,Eggetarian,Starbucks,Wraps,1131,508,High,Bland,Average,3,Hunger,Met Expectations,Fried Chicken,Rich/Creamy,High Protein,Decent but expensive.,No,Dine-in
205,pihu.lala82@gmail.com,Shayak Vala,57,Male,Jaipur,Vegan,Pizza Hut,Tacos,963,150,High,Salty,Terrible,2,Hunger,Below Expectations,Tacos,Healthy/Low Cal,Gluten Free,Too salty.,No,Food Delivery App (Swiggy/Zomato)
206,nishith.wali61@gmail.com,Ojas Tara,25,Female,Mumbai,Eggetarian,KFC,Noodles,517,313,Medium,Bland,Average,3,Cravings,Below Expectations,Sandwich,Spicy,Low Carb,Average taste.,Yes,Takeaway
207,ranbir.hayer61@gmail.com,Raghav Bajaj,45,Female,Chennai,Non-Vegetarian,Pizza Hut,Sandwich,316,292,Medium,Salty,Good,5,Health/Diet,Met Expectations,Biryani,Rich/Creamy,None,Great taste and packaging.,Yes,Takeaway
208,saksham.kalla49@gmail.com,Sara Dani,49,Male,Hyderabad,Eggetarian,Subway,Biryani,291,589,Medium,Delicious,Terrible,2,Celebration,Exceeded Expectations,Pizza,Sweet,None,Too salty.,No,Food Delivery App (Swiggy/Zomato)
209,miraan.sekhon61@gmail.com,Rasha Wali,43,Male,Mumbai,Vegan,Burger King,Salad,1087,780,Medium,Bland,Terrible,2,Social Gathering,Below Expectations,Pasta,Spicy,None,Worst experience.,No,Dine-in
210,charvi.mane86@gmail.com,Hansh Khanna,44,Female,Madurai,Vegetarian,Subway,Pizza,962,735,Medium,Spicy,Good,5,Social Gathering,Exceeded Expectations,Tacos,Healthy/Low Cal,None,Best in town!,Yes,Dine-in
211,prerak.verma83@gmail.com,Shamik Bera,42,Female,Chennai,Vegan,Starbucks,Salad,505,572,Low,Salty,Good,4,Social Gathering,Below Expectations,Fried Chicken,Sweet,None,Great taste and packaging.,Yes,Takeaway
212,anahi.rama30@gmail.com,Kiaan Biswas,35,Male,Hyderabad,Vegetarian,Burger King,Salad,285,708,High,Salty,Poor,1,Hunger,Below Expectations,Salad,Spicy,Gluten Free,Too salty.,No,Food Delivery App (Swiggy/Zomato)
213,devansh.venkataraman99@gmail.com,Rasha Keer,23,Male,Kolkata,Non-Vegetarian,Subway,Wraps,252,549,Medium,Bland,Good,4,Convenience,Met Expectations,Wraps,Rich/Creamy,None,Best in town!,Yes,Drive-thru
214,jayant.jhaveri88@gmail.com,Divyansh Soni,49,Male,Bangalore,Vegetarian,Domino's,Wraps,285,638,Medium,Bland,Excellent,5,Convenience,Met Expectations,Salad,Healthy/Low Cal,Organic,Best in town!,Yes,Food Delivery App (Swiggy/Zomato)
215,anaya.borah29@gmail.com,Vritika Ravi,19,Female,Bangalore,Eggetarian,Pizza Hut,Salad,760,769,Medium,Average,Excellent,5,Social Gathering,Met Expectations,Burger,Savory,High Protein,Great taste and packaging.,Yes,Drive-thru
216,divit.solanki93@gmail.com,Gokul Lal,47,Male,Pune,Non-Vegetarian,Taco Bell,Sandwich,324,610,Medium,Spicy,Average,3,Cravings,Met Expectations,Burger,Spicy,High Protein,Good but delivery was late.,Yes,Food Delivery App (Swiggy/Zomato)
217,anaya.shukla57@gmail.com,Pari Sachdev,49,Female,Ahmedabad,Vegan,McDonald's,Fried Chicken,591,790,High,Bland,Terrible,1,Health/Diet,Exceeded Expectations,Salad,Savory,None,Too salty.,No,Food Delivery App (Swiggy/Zomato)
218,mannat.khalsa89@gmail.com,Anika Dada,29,Female,Jaipur,Eggetarian,Pizza Hut,Salad,764,733,Medium,Average,Terrible,2,Social Gathering,Below Expectations,Biryani,Savory,Low Carb,Not worth the money.,No,Food Delivery App (Swiggy/Zomato)
219,rhea.guha70@gmail.com,Shayak Ghose,42,Female,Bangalore,Vegan,Pizza Hut,Sandwich,600,492,Medium,Delicious,Terrible,1,Cravings,Met Expectations,Pizza,Healthy/Low Cal,Gluten Free,Poor packaging.,No,Food Delivery App (Swiggy/Zomato)
220,vihaan.dara4@gmail.com,Parinaaz Chander,22,Male,Hyderabad,Vegetarian,Starbucks,Sandwich,902,737,High,Salty,Poor,1,Social Gathering,Met Expectations,Sandwich,Sweet,Low Carb,Cold food delivered.,No,Food Delivery App (Swiggy/Zomato)
221,ojas.rajagopal97@gmail.com,Arhaan Gokhale,23,Male,Pune,Vegan,McDonald's,Burger,536,785,High,Salty,Excellent,4,Hunger,Met Expectations,Burger,Spicy,High Protein,Best in town!,Yes,Takeaway
222,kashvi.sekhon99@gmail.com,Umang De,29,Female,Ahmedabad,Non-Vegetarian,Burger King,Biryani,404,168,Low,Average,Excellent,5,Celebration,Exceeded Expectations,Noodles,Rich/Creamy,High Protein,Will order again.,Yes,Dine-in
223,nakul.gupta16@gmail.com,Anika Kapoor,50,Male,Mumbai,Vegetarian,Haldiram's,Wraps,727,333,High,Average,Good,4,Convenience,Exceeded Expectations,Noodles,Spicy,Sugar Free,Loved the food!,Yes,Dine-in
224,kavya.mangal63@gmail.com,Kimaya Seshadri,37,Female,Delhi,Eggetarian,Taco Bell,Pizza,1008,442,High,Delicious,Poor,2,Convenience,Met Expectations,Sandwich,Rich/Creamy,Low Carb,Too salty.,No,Food Delivery App (Swiggy/Zomato)
225,lakshay.bobal36@gmail.com,Keya Thakkar,59,Female,Hyderabad,Vegan,Haldiram's,Wraps,676,584,Low,Average,Average,3,Hunger,Met Expectations,Wraps,Healthy/Low Cal,Organic,Average taste.,No,Dine-in
226,kanav.chokshi75@gmail.com,Sana Ghose,43,Female,Bangalore,Eggetarian,Taco Bell,Burger,1145,743,Low,Average,Good,5,Social Gathering,Exceeded Expectations,Noodles,Sweet,None,Best in town!,Yes,Takeaway
227,manikya.shetty34@gmail.com,Indrajit Dhawan,53,Female,Pune,Vegetarian,Taco Bell,Burger,1155,364,Medium,Average,Average,3,Celebration,Exceeded Expectations,Salad,Sweet,Gluten Free,It was okay.,Yes,Drive-thru
228,vaibhav.iyer87@gmail.com,Tara Dada,48,Male,Ahmedabad,Non-Vegetarian,Domino's,Burger,345,341,Low,Spicy,Excellent,5,Cravings,Met Expectations,Burger,Spicy,Gluten Free,Excellent quality.,Yes,Takeaway
229,dhanush.dass83@gmail.com,Indranil Raval,32,Male,Jaipur,Non-Vegetarian,Haldiram's,Sandwich,1121,418,High,Salty,Terrible,2,Health/Diet,Met Expectations,Noodles,Spicy,Sugar Free,Poor packaging.,No,Takeaway
230,samar.chakraborty4@gmail.com,Zaina Keer,60,Male,Kolkata,Non-Vegetarian,Local Bistro,Sandwich,439,460,Medium,Salty,Terrible,2,Health/Diet,Below Expectations,Pizza,Rich/Creamy,Gluten Free,Too salty.,No,Drive-thru
231,charvi.tripathi61@gmail.com,Vivaan Shetty,38,Female,Chennai,Vegetarian,Starbucks,Pizza,277,351,High,Bland,Good,4,Hunger,Exceeded Expectations,Biryani,Spicy,Gluten Free,Great taste and packaging.,Yes,Food Delivery App (Swiggy/Zomato)
232,vedika.ahluwalia79@gmail.com,Nitya Malhotra,37,Male,Chennai,Eggetarian,McDonald's,Pasta,959,156,Low,Bland,Average,3,Hunger,Below Expectations,Pizza,Savory,Gluten Free,Good but delivery was late.,Yes,Dine-in
233,arnav.dey49@gmail.com,Umang Sunder,41,Female,Mumbai,Vegan,Taco Bell,Sandwich,740,762,Low,Average,Poor,2,Convenience,Met Expectations,Salad,Spicy,Sugar Free,Worst experience.,No,Food Delivery App (Swiggy/Zomato)
234,bhavin.raj50@gmail.com,Anika Chana,35,Female,Jaipur,Non-Vegetarian,Pizza Hut,Wraps,397,675,Medium,Average,Average,3,Health/Diet,Met Expectations,Fried Chicken,Sweet,None,Decent but expensive.,No,Dine-in
235,navya.jani29@gmail.com,Purab Cherian,26,Male,Mumbai,Non-Vegetarian,Starbucks,Tacos,1129,384,Medium,Spicy,Excellent,4,Hunger,Exceeded Expectations,Wraps,Rich/Creamy,Sugar Free,Loved the food!,Yes,Drive-thru
236,stuvan.kalita29@gmail.com,Samiha Mangat,33,Male,Chennai,Vegan,KFC,Salad,919,655,Medium,Delicious,Terrible,2,Convenience,Met Expectations,Sandwich,Spicy,Sugar Free,Not worth the money.,No,Food Delivery App (Swiggy/Zomato)
237,rohan.bajwa98@gmail.com,Kabir Datta,59,Male,Jaipur,Vegan,Burger King,Pasta,622,468,High,Spicy,Average,3,Celebration,Exceeded Expectations,Tacos,Savory,High Protein,Decent but expensive.,No,Food Delivery App (Swiggy/Zomato)
238,kiaan.gill7@gmail.com,Rati Sengupta,22,Male,Bangalore,Vegan,Starbucks,Fried Chicken,1189,767,Low,Delicious,Terrible,2,Health/Diet,Below Expectations,Sandwich,Rich/Creamy,Gluten Free,Cold food delivered.,No,Drive-thru
239,nirvi.hayre1@gmail.com,Shray Baria,20,Female,Madurai,Eggetarian,Subway,Wraps,1169,369,Medium,Bland,Good,5,Health/Diet,Below Expectations,Biryani,Rich/Creamy,Sugar Free,Will order again.,Yes,Drive-thru
240,raghav.trivedi78@gmail.com,Vivaan Sahota,21,Female,Delhi,Eggetarian,Haldiram's,Fried Chicken,1130,185,High,Average,Good,5,Social Gathering,Exceeded Expectations,Biryani,Healthy/Low Cal,None,Best in town!,Yes,Takeaway
241,drishya.sharma6@gmail.com,Yasmin Sundaram,38,Female,Chennai,Non-Vegetarian,Haldiram's,Fried Chicken,1057,722,Medium,Average,Terrible,2,Hunger,Exceeded Expectations,Pizza,Savory,None,Too salty.,No,Drive-thru
242,mannat.ravel69@gmail.com,Akarsh Salvi,43,Female,Bangalore,Eggetarian,Domino's,Pasta,1174,644,Low,Spicy,Average,3,Cravings,Met Expectations,Noodles,Sweet,High Protein,Average taste.,Yes,Takeaway
243,arnav.dhawan74@gmail.com,Vaibhav Ghosh,22,Male,Kolkata,Non-Vegetarian,Starbucks,Fried Chicken,396,657,Medium,Salty,Poor,2,Social Gathering,Below Expectations,Pizza,Sweet,High Protein,Too salty.,No,Food Delivery App (Swiggy/Zomato)
244,ivan.rau2@gmail.com,Damini Rajagopal,45,Male,Bangalore,Non-Vegetarian,Subway,Biryani,915,356,Low,Spicy,Average,3,Cravings,Exceeded Expectations,Sandwich,Savory,High Protein,It was okay.,Yes,Takeaway
245,mannat.zacharia3@gmail.com,Anahita Rajagopalan,24,Female,Delhi,Vegetarian,Local Bistro,Noodles,451,280,Low,Salty,Average,3,Hunger,Met Expectations,Salad,Sweet,Low Carb,It was okay.,Yes,Takeaway
246,damini.konda20@gmail.com,Kiara Dey,53,Male,Delhi,Vegan,Domino's,Burger,875,329,Low,Salty,Poor,2,Convenience,Met Expectations,Sandwich,Sweet,High Protein,Not worth the money.,No,Takeaway
247,suhana.chandran80@gmail.com,Emir Aggarwal,54,Male,Madurai,Non-Vegetarian,Taco Bell,Salad,1008,438,Medium,Average,Excellent,4,Cravings,Exceeded Expectations,Sandwich,Healthy/Low Cal,Sugar Free,Will order again.,Yes,Takeaway
248,eshani.bhatt47@gmail.com,Aradhya Date,57,Female,Hyderabad,Non-Vegetarian,Starbucks,Tacos,763,215,High,Bland,Excellent,4,Social Gathering,Exceeded Expectations,Fried Chicken,Savory,None,Will order again.,Yes,Takeaway
249,miraan.sarma45@gmail.com,Samarth Lall,34,Male,Hyderabad,Vegetarian,Subway,Pizza,656,449,Medium,Salty,Good,5,Convenience,Met Expectations,Salad,Savory,Sugar Free,Will order again.,Yes,Dine-in
250,alisha.ghosh2@gmail.com,Kiara Sur,25,Male,Bangalore,Vegan,Local Bistro,Tacos,1197,516,Low,Bland,Good,5,Convenience,Exceeded Expectations,Pasta,Spicy,Gluten Free,Best in town!,Yes,Takeaway
251,jayant.kanda36@gmail.com,Seher Sehgal,47,Female,Jaipur,Non-Vegetarian,KFC,Fried Chicken,1159,534,Medium,Bland,Terrible,2,Health/Diet,Met Expectations,Fried Chicken,Spicy,Low Carb,Worst experience.,No,Dine-in
252,mamooty.sabharwal81@gmail.com,Mehul Dara,53,Male,Jaipur,Vegetarian,Haldiram's,Wraps,395,647,High,Salty,Poor,1,Cravings,Met Expectations,Sandwich,Healthy/Low Cal,Gluten Free,Cold food delivered.,No,Drive-thru
253,adira.tara6@gmail.com,Divit Borah,58,Female,Pune,Eggetarian,Haldiram's,Wraps,505,173,Medium,Bland,Good,5,Health/Diet,Met Expectations,Salad,Rich/Creamy,High Protein,Best in town!,Yes,Dine-in
254,ela.bera49@gmail.com,Rasha Tiwari,21,Female,Delhi,Vegetarian,Pizza Hut,Fried Chicken,1187,790,High,Salty,Excellent,4,Convenience,Exceeded Expectations,Pasta,Rich/Creamy,None,Loved the food!,Yes,Drive-thru
255,anay.kari24@gmail.com,Riaan Gola,36,Male,Bangalore,Vegan,Taco Bell,Tacos,690,739,Medium,Bland,Terrible,1,Hunger,Exceeded Expectations,Salad,Healthy/Low Cal,Gluten Free,Not worth the money.,No,Takeaway
256,hridaan.wason35@gmail.com,Arnav Arora,54,Female,Ahmedabad,Eggetarian,Local Bistro,Salad,1143,214,Low,Bland,Excellent,4,Cravings,Met Expectations,Tacos,Rich/Creamy,Gluten Free,Will order again.,Yes,Drive-thru
257,nirvaan.bir91@gmail.com,Elakshi Kamdar,45,Male,Delhi,Vegetarian,Starbucks,Salad,811,585,High,Salty,Terrible,1,Social Gathering,Below Expectations,Burger,Savory,Low Carb,Cold food delivered.,No,Drive-thru
258,dharmajan.rajagopalan11@gmail.com,Devansh Chada,38,Male,Kolkata,Vegan,Taco Bell,Pasta,817,630,Medium,Salty,Terrible,2,Celebration,Below Expectations,Pasta,Savory,Sugar Free,Worst experience.,No,Dine-in
259,bhamini.kapur36@gmail.com,Riaan Dhillon,34,Male,Ahmedabad,Non-Vegetarian,Local Bistro,Biryani,549,153,Medium,Spicy,Poor,1,Hunger,Below Expectations,Salad,Sweet,None,Not worth the money.,No,Food Delivery App (Swiggy/Zomato)
260,bhavin.rajagopal40@gmail.com,Elakshi Manda,46,Male,Delhi,Eggetarian,Starbucks,Salad,422,214,High,Bland,Poor,2,Social Gathering,Met Expectations,Pasta,Sweet,Sugar Free,Poor packaging.,No,Food Delivery App (Swiggy/Zomato)
261,jiya.deol44@gmail.com,Amani Sabharwal,28,Female,Jaipur,Vegetarian,KFC,Sandwich,825,192,Medium,Delicious,Terrible,2,Cravings,Below Expectations,Noodles,Rich/Creamy,High Protein,Too salty.,No,Dine-in
262,raghav.biswas24@gmail.com,Onkar Ben,60,Female,Ahmedabad,Non-Vegetarian,Haldiram's,Wraps,1086,550,Medium,Spicy,Terrible,1,Convenience,Exceeded Expectations,Sandwich,Sweet,Gluten Free,Not worth the money.,No,Takeaway
263,pihu.gola34@gmail.com,Farhan Lal,36,Female,Delhi,Vegan,Local Bistro,Salad,423,756,High,Salty,Average,3,Convenience,Exceeded Expectations,Fried Chicken,Savory,Low Carb,It was okay.,Yes,Takeaway
264,divij.ranganathan77@gmail.com,Mahika Kari,58,Female,Pune,Eggetarian,Subway,Pasta,521,583,High,Spicy,Average,3,Hunger,Exceeded Expectations,Biryani,Savory,Organic,Average taste.,Yes,Dine-in
265,aarna.shankar39@gmail.com,Zain Madan,55,Female,Delhi,Vegan,KFC,Burger,753,737,High,Bland,Excellent,5,Hunger,Met Expectations,Biryani,Rich/Creamy,Sugar Free,Best in town!,Yes,Drive-thru
266,divit.jayaraman17@gmail.com,Mamooty Kaul,35,Male,Ahmedabad,Non-Vegetarian,Haldiram's,Sandwich,1093,498,Medium,Spicy,Poor,2,Social Gathering,Met Expectations,Fried Chicken,Healthy/Low Cal,Gluten Free,Worst experience.,No,Takeaway
267,zara.rajagopalan82@gmail.com,Drishya Bobal,19,Female,Hyderabad,Eggetarian,Local Bistro,Noodles,723,262,Medium,Salty,Poor,1,Celebration,Below Expectations,Sandwich,Spicy,High Protein,Too salty.,No,Food Delivery App (Swiggy/Zomato)
268,renee.madan11@gmail.com,Vritika Vora,57,Female,Mumbai,Non-Vegetarian,Starbucks,Biryani,637,668,High,Spicy,Poor,1,Hunger,Exceeded Expectations,Noodles,Savory,High Protein,Poor packaging.,No,Dine-in
269,ivana.balay73@gmail.com,Rasha Chatterjee,40,Male,Ahmedabad,Vegan,Starbucks,Burger,912,436,Medium,Delicious,Good,4,Health/Diet,Exceeded Expectations,Biryani,Sweet,Low Carb,Excellent quality.,Yes,Takeaway
270,purab.choudhry98@gmail.com,Stuvan Deo,30,Female,Hyderabad,Non-Vegetarian,Starbucks,Pasta,1122,703,Low,Salty,Terrible,2,Hunger,Below Expectations,Noodles,Sweet,Gluten Free,Poor packaging.,No,Food Delivery App (Swiggy/Zomato)
271,zaina.salvi50@gmail.com,Misha Toor,43,Male,Pune,Vegetarian,Subway,Burger,487,399,Medium,Delicious,Poor,2,Cravings,Exceeded Expectations,Fried Chicken,Rich/Creamy,Low Carb,Worst experience.,No,Food Delivery App (Swiggy/Zomato)
272,kashvi.mallick32@gmail.com,Zain Sodhi,57,Female,Jaipur,Vegetarian,Domino's,Pizza,682,496,Medium,Spicy,Poor,1,Health/Diet,Exceeded Expectations,Pizza,Rich/Creamy,Low Carb,Too salty.,No,Food Delivery App (Swiggy/Zomato)
273,priyansh.brahmbhatt62@gmail.com,Parinaaz Chatterjee,33,Male,Bangalore,Vegan,Pizza Hut,Wraps,909,319,Medium,Delicious,Terrible,1,Hunger,Exceeded Expectations,Pizza,Healthy/Low Cal,Organic,Not worth the money.,No,Dine-in
274,faiyaz.vohra23@gmail.com,Arnav Mani,46,Male,Pune,Eggetarian,Haldiram's,Fried Chicken,1024,690,High,Spicy,Good,4,Health/Diet,Met Expectations,Fried Chicken,Healthy/Low Cal,None,Great taste and packaging.,Yes,Dine-in
275,jayan.goda44@gmail.com,Miraya Golla,53,Male,Hyderabad,Eggetarian,Burger King,Sandwich,1157,327,Low,Delicious,Excellent,4,Cravings,Met Expectations,Biryani,Sweet,Sugar Free,Great taste and packaging.,Yes,Dine-in
276,farhan.chhabra51@gmail.com,Trisha Chatterjee,37,Male,Madurai,Vegetarian,Pizza Hut,Biryani,689,381,High,Delicious,Terrible,2,Social Gathering,Met Expectations,Burger,Spicy,Low Carb,Too salty.,No,Food Delivery App (Swiggy/Zomato)
277,divit.gupta55@gmail.com,Riaan Bahl,45,Female,Chennai,Eggetarian,Burger King,Salad,1150,658,High,Bland,Excellent,4,Health/Diet,Met Expectations,Pasta,Rich/Creamy,High Protein,Best in town!,Yes,Drive-thru
278,adira.chaudhry8@gmail.com,Kanav Guha,58,Male,Delhi,Eggetarian,Domino's,Pizza,317,328,Low,Bland,Terrible,2,Celebration,Exceeded Expectations,Biryani,Sweet,Sugar Free,Worst experience.,No,Food Delivery App (Swiggy/Zomato)
279,ishita.shanker80@gmail.com,Ryan Chadha,33,Male,Hyderabad,Eggetarian,KFC,Fried Chicken,562,641,Low,Bland,Average,3,Health/Diet,Met Expectations,Pasta,Savory,High Protein,Average taste.,No,Drive-thru
280,yuvaan.mani22@gmail.com,Madhup Dutt,59,Female,Madurai,Vegetarian,Haldiram's,Noodles,336,203,Medium,Salty,Terrible,2,Social Gathering,Met Expectations,Wraps,Savory,Gluten Free,Worst experience.,No,Dine-in
281,armaan.batra91@gmail.com,Shlok Kara,35,Female,Pune,Vegetarian,Pizza Hut,Wraps,845,237,Low,Salty,Terrible,2,Health/Diet,Below Expectations,Salad,Spicy,None,Not worth the money.,No,Takeaway
282,yashvi.yogi12@gmail.com,Nitya Deshpande,51,Female,Madurai,Vegetarian,Local Bistro,Wraps,482,174,High,Average,Poor,1,Social Gathering,Below Expectations,Wraps,Rich/Creamy,None,Cold food delivered.,No,Takeaway
283,hunar.bhatia76@gmail.com,Baiju Sangha,59,Female,Kolkata,Vegan,Taco Bell,Tacos,750,596,Medium,Spicy,Terrible,1,Social Gathering,Below Expectations,Wraps,Rich/Creamy,High Protein,Cold food delivered.,No,Dine-in
284,navya.deep91@gmail.com,Jivin Kalita,44,Male,Hyderabad,Vegetarian,Subway,Burger,631,677,High,Average,Poor,2,Hunger,Met Expectations,Pizza,Savory,Gluten Free,Worst experience.,No,Takeaway
285,vardaniya.atwal43@gmail.com,Devansh Garde,27,Female,Jaipur,Vegan,Haldiram's,Biryani,718,415,High,Average,Terrible,1,Convenience,Met Expectations,Sandwich,Savory,Gluten Free,Cold food delivered.,No,Food Delivery App (Swiggy/Zomato)
286,jhanvi.goyal82@gmail.com,Lakshit Dasgupta,21,Male,Kolkata,Eggetarian,Starbucks,Noodles,321,502,High,Bland,Average,3,Hunger,Met Expectations,Sandwich,Healthy/Low Cal,Sugar Free,Good but delivery was late.,No,Food Delivery App (Swiggy/Zomato)
287,zain.balan5@gmail.com,Misha Sahni,55,Female,Mumbai,Vegan,McDonald's,Tacos,1052,262,High,Salty,Good,4,Celebration,Exceeded Expectations,Salad,Spicy,Organic,Will order again.,Yes,Dine-in
288,nayantara.kannan48@gmail.com,Raghav Borah,37,Female,Madurai,Eggetarian,Subway,Tacos,846,385,Low,Spicy,Good,5,Hunger,Exceeded Expectations,Pizza,Rich/Creamy,Low Carb,Will order again.,Yes,Takeaway
289,urvi.barad1@gmail.com,Adah Sur,35,Female,Pune,Vegetarian,Taco Bell,Fried Chicken,774,268,High,Average,Terrible,1,Health/Diet,Exceeded Expectations,Biryani,Spicy,Low Carb,Poor packaging.,No,Food Delivery App (Swiggy/Zomato)
290,nishith.baral32@gmail.com,Anya Ganesan,27,Male,Kolkata,Eggetarian,Starbucks,Tacos,400,516,Low,Delicious,Average,3,Social Gathering,Below Expectations,Pizza,Spicy,Sugar Free,Good but delivery was late.,No,Dine-in
291,stuvan.de31@gmail.com,Hrishita Bose,53,Male,Bangalore,Eggetarian,Subway,Burger,885,480,Medium,Spicy,Poor,2,Convenience,Met Expectations,Biryani,Savory,Low Carb,Worst experience.,No,Takeaway
292,kiara.dada9@gmail.com,Fateh Din,22,Female,Jaipur,Vegetarian,Haldiram's,Sandwich,1151,300,Medium,Delicious,Average,3,Hunger,Exceeded Expectations,Noodles,Healthy/Low Cal,Organic,Good but delivery was late.,Yes,Drive-thru
293,raunak.tara9@gmail.com,Navya Maharaj,19,Male,Kolkata,Eggetarian,Domino's,Pasta,1192,760,Medium,Delicious,Good,5,Convenience,Met Expectations,Noodles,Savory,Gluten Free,Excellent quality.,Yes,Food Delivery App (Swiggy/Zomato)
294,fateh.choudhary68@gmail.com,Inaaya  Barman,31,Male,Mumbai,Non-Vegetarian,Pizza Hut,Wraps,345,539,Low,Delicious,Average,3,Social Gathering,Met Expectations,Biryani,Healthy/Low Cal,None,It was okay.,Yes,Takeaway
295,bhavin.mani4@gmail.com,Aradhya Suresh,53,Female,Delhi,Vegetarian,Taco Bell,Tacos,1139,524,High,Average,Excellent,5,Health/Diet,Below Expectations,Sandwich,Spicy,Gluten Free,Best in town!,Yes,Dine-in
296,zeeshan.bhatti42@gmail.com,Stuvan Sawhney,34,Female,Delhi,Vegetarian,Starbucks,Biryani,855,541,Low,Delicious,Terrible,2,Cravings,Exceeded Expectations,Noodles,Spicy,Low Carb,Too salty.,No,Takeaway
297,aayush.gupta13@gmail.com,Taimur Tiwari,59,Male,Madurai,Eggetarian,Burger King,Burger,930,235,High,Salty,Good,4,Celebration,Exceeded Expectations,Wraps,Savory,High Protein,Great taste and packaging.,Yes,Takeaway
298,vidur.mani43@gmail.com,Siya Balay,36,Male,Pune,Vegetarian,Domino's,Pizza,395,372,High,Average,Excellent,5,Hunger,Exceeded Expectations,Fried Chicken,Spicy,None,Best in town!,Yes,Takeaway
299,kaira.borah55@gmail.com,Jiya Sinha,56,Female,Delhi,Vegetarian,Pizza Hut,Biryani,475,324,High,Average,Poor,2,Social Gathering,Below Expectations,Tacos,Healthy/Low Cal,Sugar Free,Too salty.,No,Drive-thru
300,anvi.kalla42@gmail.com,Taran Rege,56,Female,Madurai,Eggetarian,Pizza Hut,Noodles,327,456,Low,Bland,Average,3,Convenience,Met Expectations,Burger,Rich/Creamy,Gluten Free,Good but delivery was late.,No,Dine-in
